{
	"BeginTime": 0.10000000149011612,
	"ColliderSize": 1.0,
	"Curve": {
		"0.000000": {
			"X": 0.0,
			"Y": 0.0,
			"Z": 0.5
		},
		"0.110000": {
			"X": 0.0,
			"Y": 0.0,
			"Z": 1.0
		}
	},
	"EndTime": 0.5
}