{
	"BeginTime": 0.0,
	"ColliderSize": 1.0,
	"Curve": {
		"0.040000": {
			"X": 0.0,
			"Y": 0.0,
			"Z": 1.0
		}
	},
	"EndTime": 0.3199999928474426
}