{
	"BeginTime": 0.0,
	"ColliderSize": 1.0,
	"Curve": {
		"0.000000": {
			"X": 0.0,
			"Y": 0.0,
			"Z": 0.0
		}
	},
	"EndTime": 2.180000066757202
}